trick_frame_log.frame_log.job_time {s},trick_frame_log.frame_log.job_trick_id {--},frame_log.frame_log.job_user_id {--}
0.000000,0,0
0.000000,13.030000,0
0.000007,13.030000,0
0.000007,0,0
0.000009,0,0
0.000009,13.040000,0
0.000009,13.040000,0
0.000009,0,0
0.000010,0,0
0.000010,22.010000,0
0.000011,22.010000,0
0.000011,0,0
0.000013,0,0
0.000013,0,21.020000
0.000016,0,21.020000
0.000016,0,0
0.000012,0,0
0.000012,22.020000,0
0.000016,22.020000,0
0.000016,0,0
