trick_frame_log.frame_log.job_time {s},trick_frame_log.frame_log.job_trick_id {--},frame_log.frame_log.job_user_id {--}
0.000000,0,0
0.000000,13.030000,0
0.000012,13.030000,0
0.000012,0,0
0.000014,0,0
0.000014,13.040000,0
0.000015,13.040000,0
0.000015,0,0
0.000016,0,0
0.000016,22.010000,0
0.000017,22.010000,0
0.000017,0,0
0.000019,0,0
0.000019,0,21.020000
0.000058,0,21.020000
0.000058,0,0
0.000018,0,0
0.000018,22.020000,0
0.000059,22.020000,0
0.000059,0,0
